{"position":{"x":4.149919509887695,"y":4.049372673034668,"z":0.0}}