{"position":{"x":-5.986827373504639,"y":4.024680137634277,"z":0.0}}